id,dni,nombre,apellido,matricula,telefono,email,habilitado
1,172541702,Vladan,Bakić,lockerroom,023-2414-709,vladan.bakic@example.com,True
2,NaNNA080undefined,Peppi,Wuollet,bruno1,05-316-453,peppi.wuollet@example.com,True
3,260.042.302-38,Guilhermino,Barbosa,trucks,(65) 8773-6572,guilhermino.barbosa@example.com,True
4,169-39-9278,Isaac,Nichols,nguyen,(830) 458-6111,isaac.nichols@example.com,True
5,262771861091,Amit,Uchil,misty1,8541332079,amit.uchil@example.com,True
6,88 60 01 2278 8,Aida,Monroy,wonderboy,(680) 366 6934,aida.monroy@example.com,True
7,,Miloslava,Semenchuk,bull,(066) X77-8924,miloslava.semenchuk@example.com,False
8,,Evelyn,Clarke,wyatt,(612)-138-8923,evelyn.clarke@example.com,True
9,123456789,NuevoNombre,NuevoApellido,98765,555-1234,nuevo.email@example.com,True
10,NaNNA437undefined,Onni,Eskola,diablo,08-393-635,onni.eskola@example.com,True
11,,Necati,Demirbaş,caca,(200)-056-8961,necati.demirbas@example.com,True
12,756.0182.2115.80,Hannah,Guillot,school,076 093 28 13,hannah.guillot@example.com,True
13,017258805,Svetlana,Daničić,oxford,035-1286-152,svetlana.danicic@example.com,True
14,8833730T,Byron,Walters,ppppp,021-657-8824,byron.walters@example.com,True
15,,کیمیا,موسوی,latina,017-73094555,khymy.mwswy@example.com,True
16,989393974,Nora,Horton,success1,04-4836-2314,nora.horton@example.com,True
17,210765921,Harper,Taylor,three,G75 M12-7797,harper.taylor@example.com,True
18,6043083T,Olivia,Nguyen,vanguard,071-139-9028,olivia.nguyen@example.com,True
